Season,#,Title,Directed,Written,Airdate,Description
1,1,"""The Gang Gets Racist""",John Fortenberry,Charlie Day & Rob McElhenney,2005/08/04,"Charlie and Mac try to prove that they are not racist after Charlie's crush overhears Charlie saying something offensive about African Americans. Meanwhile, Dee hires a black man from her acting class to boost business for Paddy's Pub—and ends up turning the pub into a gay bar."
1,2,"""Charlie Wants an Abortion""",John Fortenberry,Charlie Day & Rob McElhenney,2005/08/11,"Charlie gets a paternity test to prove that he's not the father of his old flame's ill-behaved son. Meanwhile, Mac and Dennis feign being against abortion so they can pick up women."
1,3,"""Underage Drinking: A National Concern""",Dan Attias,Rob McElhenney,2005/08/16,"When Mac decides to make Paddy's Pub a safe haven for underage drinkers, it becomes high school all over again as Dee, Dennis, and Charlie get asked to the prom."
1,4,"""Charlie Has Cancer""",Rob McElhenney,Rob McElhenney,2005/08/23,Dennis and Mac help Charlie find someone to sleep with him after Charlie announces that he's dying of cancer.
1,5,"""Gun Fever""",Dan Attias,Glenn Howerton,2005/08/30,"Everyone gets trigger happy when, in the wake of a robbery, the guys buy a gun, and Dee unknowingly dates the prime suspect."
1,6,"""The Gang Finds a Dead Guy""",Dan Attias,Rob McElhenney,2005/09/06,"When an old man is found dead in Paddy's, Mac and Dennis vie for the affection of his attractive granddaughter, while Charlie discovers that Dennis and Dee's grandfather was a Nazi."
1,7,"""Charlie Got Molested""",John Fortenberry,Rob McElhenney,2005/09/13,"When news of a former gym teacher getting arrested for molesting his students hits, Charlie suddenly gets nervous, Dee and Dennis conclude that Charlie may have been one of the gym teacher's victims. Mac becomes jealous that he wasn't the one who got molested."
2,1,"""Charlie Gets Crippled""",John Fortenberry,Rob McElhenney,2006/06/29,"Dennis and Dee's father Frank abruptly appears, causing Dennis to accidentally run Charlie over with his car. After seeing Charlie get attention from strippers over being in a wheelchair, the gang decides to feign disabilities in order to garner sympathy from others."
2,2,"""The Gang Goes Jihad""",Dan Attias,Rob McElhenney,2006/06/29,"An Israeli businessman claims ownership of the street that Paddy's Pub is on, prompting the gang to go to extremes to get the man to leave. Meanwhile, Frank fights with his ex-wife over the possessions she got in the divorce."
2,3,"""The Gang Gives Back""",Dan Attias,Charlie Day,2006/07/20,"Mac, Dennis and Dee are sentenced to teach inner-city children how to play basketball while Charlie is sentenced to attend AA meetings."
2,4,"""Dennis and Dee Go on Welfare""",Dan Attias,Rob McElhenney,2006/07/06,"Dennis and Dee quit their jobs to pursue their dreams, but get hooked on crack cocaine so they can apply for welfare. Meanwhile, Frank hires two new workers under the ""Work for Welfare"" program and Charlie and Mac go on a spending spree with the money in Frank's secret bank account."
2,5,"""Mac Bangs Dennis' Mom""",Dan Attias,Charlie Day & Glenn Howerton,2006/07/06,A visit to Frank's ex-wife's house turns into a web of back-stabbing and deception after Mac has sex with Dennis's mother and Charlie hatches a plan to get close to The Waitress.
2,6,"""The Gang Runs for Office""",Dan Attias,David Hornsby,2006/08/03,"After realizing the money-making potential of political corruption, the gang decides to help Dennis run for the position of a local comptroller."
2,7,"""Hundred Dollar Baby""",Dan Attias,"Rob McElhenney, Charlie Day & Glenn Howerton",2006/07/13,"Frank trains Dee for a boxing match against the daughter of his old boxing foe. Meanwhile, Dennis and Mac train Charlie for an underground fighting ring."
2,8,"""Charlie Goes America All Over Everybody's Ass""",Dan Attias,Rob McElhenney & Charlie Day,2006/08/10,"Charlie is outraged over Dennis smoking in the bar, and teams up with Dee to start an anti-smoking rally. Meanwhile, Mac, Dennis, and Frank turn Paddy's Pub into an ""anything goes"" bar."
2,9,"""The Gang Exploits A Miracle""",Dan Attias,"Charlie Day, Chris Romano & Eric Falconer",2006/07/27,"When the gang finds a water stain in the office that resembles the Virgin Mary, Frank begins charging patrons to see the miracle."
2,10,"""Dennis and Dee Get a New Dad""",Dan Attias,Rob McElhenney,2006/08/17,"Dennis and Dee discover the MySpace page of the man who turns out to be their real father. Meanwhile, Charlie and Mac visit Mac's convict father in jail."
3,1,"""The Gang Finds a Dumpster Baby""",Jerry Levine,Rob McElhenney & Charlie Day,2007/09/13,Dennis joins up with an environmentalist group. Mac and Dee try to care for a baby boy they found in the Dumpster and Charlie and Frank become dumpster divers.
3,2,"""The Gang Gets Invincible""",Fred Savage,"Charlie Day, David Hornsby & Glenn Howerton",2007/09/13,"When the Philadelphia Eagles hold open try-outs à la the movie Invincible, Mac, Dennis, and Dee use the event for their own personal competition. Meanwhile, Frank and Charlie tailgate."
3,3,"""Dennis and Dee's Mom Is Dead""",Matt Shakman,David Hornsby & Rob McElhenney,2007/09/20,"Frank's ex-wife Barbara dies, leaving behind a big inheritance that Frank and Dee will do anything to get. Meanwhile, Mac, Dennis, and Charlie use Reynolds house as a men's club to make new friends."
3,4,"""The Gang Gets Held Hostage""",Fred Savage,Rob McElhenney & Lisa Parsons,2007/09/20,"Paddy's Pub is held hostage by the McPoyles. Meanwhile, Frank crawls through the vents to find his will, which Charlie hid."
3,5,"""The Aluminum Monster vs. Fatty Magoo""",Fred Savage,Charlie Day & Glenn Howerton,2007/09/27,"The gang gets involved in the seedy side of the world of fashion design after Dee gets jealous of her former high-school best friend, who is now a successful boutique owner."
3,6,"""The Gang Solves the North Korea Situation""",Fred Savage,"Charlie Day, Scott Marder & Rob Rosell",2007/09/27,The gang find themselves at odds with a more successful Korean pub owner who bears a striking resemblance to Kim Jong-Il. Charlie also becomes involved with the owner's daughter.
3,7,"""The Gang Sells Out""",Matt Shakman,Charlie Day & David Hornsby,2007/10/04,"The gang tries to persuade a restaurant chain to buy their pub. Meanwhile, Dee quits her job at Paddy's (again) and pressures The Waitress to get her a job at a TGIFriday's-style restaurant."
3,8,"""Frank Sets Sweet Dee on Fire""",Fred Savage,"Rob McElhenney, Scott Marder & Rob Rosell",2007/10/04,"The gang go to great lengths to be famous: Mac, Charlie, and Frank attempt to become news reporters; Dennis and Dee try becoming club-hoppers."
3,9,"""Sweet Dee's Dating a Retarded Person""",Jerry Levine,"Glenn Howerton, Scott Marder & Rob Rosell",2007/10/11,"Dee begins dating an amateur rapper whom Dennis thinks is mentally retarded. Meanwhile, Frank, Charlie, and Mac start their own band but can't agree on what type of music they should play."
3,10,"""Mac Is a Serial Killer""",Jerry Levine,Charlie Day & David Hornsby,2007/10/18,"After reading about a serial killer terrorizing young women, the gang suspects that Mac may be the serial killer when they notice that he hasn't been to the bar much lately."
3,11,"""Dennis Looks Like a Registered Sex Offender""",Jerry Levine,Rob McElhenney,2007/10/25,"Dennis's life goes downhill when he finds out that a convicted sex offender whom he closely resembles has been released from prison due to overcrowding. Meanwhile, Mac and Charlie reunite with Mac's convict father."
3,12,"""The Gang Gets Whacked (Part 1)""",Matt Shakman,"Glenn Howerton, Scott Marder & Rob Rosell",2007/11/01,"The gang find themselves married to the mob when they sell a bag of cocaine that a group of mobsters hid in a pair of speakers. To pay off the debt, Frank whores out Dennis to older women, Charlie works at a stable, and Mac becomes a mafioso."
3,13,"""The Gang Gets Whacked (Part 2)""",Matt Shakman,Scott Marder & Rob Rosell,2007/11/01,"The gang must find a way to avoid getting ""whacked"" when their plans to pay off mob members for missing cocaine go awry."
3,14,"""Bums: Making a Mess All Over the City""",Jerry Levine,Charlie Day & David Hornsby,2007/11/08,Mac and Dee become vigilantes to solve the homeless problem Frank and Dennis dress up in police costumes while Charlie dresses as Serpico to expose them.
3,15,"""The Gang Dances Their Asses Off""",Matt Shakman,"David Hornsby, Scott Marder & Rob Rosell",2007/11/15,"Charlie inadvertently puts Paddy's Pub up as the grand prize in a radio dance marathon, so the gang must win the competition -- against the enemies they've made so far -- to keep the bar."
4,1,"""Mac and Dennis: Manhunters""",Fred Savage,"Charlie Day, Jordan Young & Elijah Aron",2008/09/18,Charlie and Dee freak out when they eat what they think is human meat. Mac and Dennis take up hunting and go after the most dangerous prey of all -- man.
4,2,"""The Gang Solves the Gas Crisis""",Matt Shakman,"Charlie Day, Sonny Lee & Patrick Walsh",2008/09/18,"To profit from high gas prices, Mac, Dennis, and Charlie fill barrels of gasoline and sell them door-to-door. Dee and Frank plot to brand Bruce Mathis a terrorist."
4,3,"""America's Next Top Paddy's Billboard Model Contest""",Fred Savage,"Rob McElhenney, Charlie Day & Adam Stein",2008/09/25,Mac and Frank hold a contest where the winner will be the billboard model for Paddy's. Charlie and Dee set out to create a viral video.
4,4,"""Mac's Banging the Waitress""",Matt Shakman,David Hornsby,2008/09/25,"When Charlie learns that The Waitress has a boyfriend, he enlists Mac's help in catching the guy so Charlie can beat him up. Trouble is, Mac is the one who's dating the waitress."
4,5,"""Mac and Charlie Die (Part 1)""",Fred Savage & Matt Shakman,"Charlie Day, Glenn Howerton & Rob McElhenney",2008/10/02,Mac's revenge-obsessed father is released from prison and Mac and Charlie fake their deaths to save their lives. Frank and Dennis discover a glory hole in the bathroom.
4,6,"""Mac and Charlie Die (Part 2)""",Fred Savage,"Charlie Day, Glenn Howerton & Rob McElhenney",2008/10/02,Mac and Charlie continue their misadventures in avoiding Luther Mac. Dennis and Frank investigate the world of anonymous sex.
4,7,"""Who Pooped the Bed?""",Fred Savage,"Rob McElhenney, Scott Marder & Rob Rosell",2008/10/09,"Frank and Charlie find that someone has defecated in their bed and hunt for the culprit. Meanwhile, Dee leads a ""Sex and the City"" style night on the town."
4,8,"""Paddy's Pub: The Worst Bar in Philadelphia""",Matt Shakman,"Scott Marder, Rob Rosell & David Hornsby",2008/10/16,"The gang kidnaps a newspaper critic who dubbed Paddy's Pub ""the worst bar in Philadelphia""."
4,9,"""Dennis Reynolds: An Erotic Life""",Fred Savage,"Glenn Howerton, Scott Marder & Rob Rosell",2008/10/23,Dennis plans on publishing an account of his sexual exploits and ends up in a rehab facility. Charlie and Dee try on each other's lives for size.
4,10,"""Sweet Dee Has a Heart Attack""",Matt Shakman,Scott Marder & Rob Rosell,2008/10/30,"After Dee is hospitalized for a heart attack, she and Dennis try to adopt a healthier lifestyle. Charlie and Mac become office workers to get on-the-job health insurance."
4,11,"""The Gang Cracks the Liberty Bell""",Matt Shakman,"Rob McElhenney, Glenn Howerton & David Hornsby",2008/11/06,"In an attempt to turn their bar into a Philadelphia landmark, the gang tells the story of how Paddy's Pub was historically relevant during the Revolutionary War."
4,12,"""The Gang Gets Extreme: Home Makeover Edition""",Fred Savage,"Charlie Day, David Hornsby & Glenn Howerton",2008/11/13,The gang redecorates a poor family's home a la Extreme Makeover: Home Edition.
4,13,"""The Nightman Cometh""",Matt Shakman,"Rob McElhenney, Glenn Howerton & Charlie Day",2008/11/20,"Charlie stages a rock opera based on his song ""The Nightman,"" and recruits the rest of the gang to help him with it."
5,1,"""The Gang Exploits the Mortgage Crisis""",Randall Einhorn,Becky Mann & Audra Sielaff,2009/09/17,"Frank, Mac, and Dennis try their hand at real estate. Dee arranges to be a surrogate mother. Charlie tries his hand at law."
5,2,"""The Gang Hits the Road""",Fred Savage,Glenn Howerton & Charlie Day,2009/09/24,The Gang tries to expand their horizons by going on a road trip to the Grand Canyon.
5,3,"""The Great Recession""",Fred Savage,David Hornsby,2009/10/01,Mac and Dennis try to keep the bar afloat in the tough economic times; Frank starts a family business with Dee; newly poor people gather outside the bar.
5,4,"""The Gang Gives Frank an Intervention""",Fred Savage,Scott Marder & Rob Rosell,2009/10/08,"Dee, Dennis, and Charlie attempt to stage an intervention on Frank, who they feel is no longer fun to drink with. Meanwhile, Frank attempts to bang Aunt Donna, who Mac is also interested in banging."
5,5,"""The Waitress Is Getting Married""",Fred Savage,Glenn Howerton & Charlie Day,2009/10/15,"The Waitress is getting married; Dee, jealous that she's beating her to the altar, tries to derail the wedding. Charlie reluctantly tries online dating."
5,6,"""The World Series Defense""",Randall Einhorn,David Hornsby,2009/10/22,"The Gang describes the trials and tribulations they went through during Game 5 of the World Series, hoping that the judge will clear them of all the citations they received."
5,7,"""The Gang Wrestles for the Troops""",Randall Einhorn,Scott Marder & Rob Rosell,2009/10/29,"The Gang puts on a wrestling show for the returning troops. Meanwhile, the soldier Dee has been chatting with online is not what she expected."
5,8,"""Paddy's Pub: Home of the Original Kitten Mittens""",Randall Einhorn,Sonny Lee & Patrick Walsh,2009/11/05,"When a merchandising convention comes to town, the gang tries to develop marketable products in an attempt to build the Paddy's brand."
5,9,"""Mac and Dennis Break Up""",Fred Savage,Scott Marder & Rob Rosell,2009/11/12,Mac and Dennis decide to spend some time apart; Charlie lends his feline expertise to help Dee find her cat.
5,10,"""The D.E.N.N.I.S. System""",Randall Einhorn,"David Hornsby, Scott Marder & Rob Rosell",2009/11/19,"Dennis reveals his foolproof system for seducing any woman to the rest of the gang, but they don't grasp the concept."
5,11,"""Mac and Charlie Write a Movie""",Randall Einhorn,Glenn Howerton & Rob McElhenney,2009/12/03,"When Dee gets a part in the new M. Night Shyamalan film, Mac and Charlie seize a chance to pitch their movie script."
5,12,"""The Gang Reignites the Rivalry""",Randall Einhorn,Dave Chernin & Charlie Day,2009/12/10,"After being banned for 10 years from a local drinking competition appropriately named ""Flipadelphia,"" the gang tries to reignite their old rivalry with another local bar."
5,13,"""A Very Sunny Christmas""",Fred Savage,Charlie Day & Rob McElhenney,"December 16, 2010 / November 17, 2009","Mac, Charlie, Dennis, Dee, and Frank embark on a holiday adventure filled with stolen toys, childhood videos, naked elves, and a bloody run-in with Santa Claus."
6,1,"""Mac Fights Gay Marriage""",Randall Einhorn,Becky Mann & Audra Sielaff,2010/09/16,"Mac pulls out the big guns to protect the sanctity of marriage, while the rest of the gang reaps the rewards of marital bliss."
6,2,"""Dennis Gets Divorced""",Randall Einhorn,Dave Chernin & John Chernin,2010/09/23,"Marital bliss turns to marital business, as the gang experiences the emotional and economic tribulations of divorce."
6,3,"""The Gang Buys a Boat""",Randall Einhorn,Charlie Day & Rob McElhenney,2010/09/30,The gang attempts to find adventure on the sea after they purchase their 'new' boat.
6,4,"""Mac's Big Break""",Randall Einhorn,Rob Rosell,2010/10/07,"After correctly answering a radio trivia question, Mac finally makes it big. Meanwhile, the Reynolds start their own internet podcast."
6,5,"""Mac and Charlie: White Trash""",Randall Einhorn,Luvh Rakhe,2010/10/14,Mac and Charlie try to fix up an abandoned pool in order to beat the heat wave; Dennis and Dee try to beat the heat in a more 'dignified' and 'upper-class' way.
6,6,"""Mac's Mom Burns Her House Down""",Matt Shakman,Scott Marder & Rob Rosell,2010/10/21,Charlie and Mac set-up a truly odd couple after Mac's mom burns the house down; Frank discovers the importance of paternal care when Dee falls ill.
6,7,"""Who Got Dee Pregnant?""",Randall Einhorn,Charlie Day & Rob McElhenney,2010/10/28,"The gang gets a real 'scare' after Dee reveals she's pregnant, forcing the guys to recall their last hazy Halloween Party to determine if one of them might be the father."
6,8,"""The Gang Gets a New Member""",Matt Shakman,David Hornsby,2010/11/04,A blast from the past prompts the guys to expand membership and Dee to re-consider her future.
6,9,"""Dee Reynolds: Shaping America's Youth""",Matt Shakman,David Hornsby,2010/11/11,Dee takes a job as a substitute teacher and exposes her students to the culture of Paddy's with a field trip to see the Gang's take on Lethal Weapon 5.
6,10,"""Charlie Kelly: King of the Rats""",Matt Shakman,Scott Marder & Rob Rosell,2010/11/18,Keeping the basement rodent-free drives Charlie to the brink; the gang throws Charlie a surprise party.
6,11,"""The Gang Gets Stranded in the Woods""",Matt Shakman,"Luvh Rakhe, Scott Marder & Rob Rosell",2010/12/02,"Things go awry as the Gang travels to Atlantic City for a charity benefit. While Frank, Dee and Mac try to survive in the woods, Dennis and Charlie hitch a ride to the city."
6,12,"""Dee Gives Birth""",Matt Shakman,"David Hornsby, Becky Mann & Audra Sielaff",2010/12/09,"Before Dee's baby arrives, The Gang tries to figure out who is the father by throwing a house party for all her former flings."
7,1,"""Frank's Pretty Woman""",Matt Shakman,Scott Marder & Rob Rosell,2011/09/15,"Frank wants to marry a prostitute and the gang can't talk him out of it. While Dee sets out to burnish the hooker's heart of gold, Charlie takes a different tack: He tries to set Frank up with another woman."
7,2,"""The Gang Goes to the Jersey Shore""",Matt Shakman,Dave Chernin & John Chernin,2011/09/22,"Dee and Dennis take the gang to their favorite childhood vacation spot on the Jersey Shore. Things aren't quite as they remember them. Still, Mac, Frank and Charlie have the times of their lives; Dee and Dennis not so much."
7,3,"""Frank Reynolds' Little Beauties""",Matt Shakman,Scott Marder & Rob Rosell,2011/09/29,Frank finds himself in the child beauty-pageant business and fears that people might think that he's in it for the wrong reasons.
7,4,"""Sweet Dee Gets Audited""",Matt Shakman,"Rob McElhenney, Glenn Howerton & Charlie Day",2011/10/06,"While Dee tries to weasel her way out of an IRS audit, the guys set up a new (and, they say, democratic) way of running Paddy's."
7,5,"""Frank's Brother""",Matt Shakman,David Hornsby,2011/10/13,Frank's long-lost brother shows up unexpectedly and spills family secrets.
7,6,"""The Storm of the Century""",Matt Shakman,Charles W. Hornsby,2011/10/20,"It's not always sunny in Philadelphia: An apocalyptic storm is bearing down on the City of Brotherly Love, and everyone's in panic mode -- except for Frank."
7,7,"""Chardee MacDennis: The Game of Games""",Matt Shakman,Charlie Day & Rob McElhenney,2011/10/27,"Another rainy day in Philadelphia. The gang can't go out and play, so they stay indoors and play a board game of their own devising."
7,8,"""The ANTI-Social Network""",Matt Shakman,Charlie Day & Glenn Howerton,2011/11/03,"While Dennis and Charlie track down an annoying shusher the old-fashioned way, Dee and Mac cyberstalk him. Frank is online as well, trying to boost business at the bar."
7,9,"""The Gang Gets Trapped""",Matt Shakman,Luvh Rakhe,2011/11/10,"The gang sneak into a residence to ""extract"" an ""artifact,"" only to discover that someone is home. Uh-oh."
7,10,"""How Mac Got Fat""",Randall Einhorn & Matt Shakman,Scott Marder & Mehar Sethi,2011/11/17,Mac tells a befuddled priest why his fatness is the fault of the other members of the gang.
7,11,"""Thunder Gun Express""",Matt Shakman,Dave Chernin & John Chernin,2011/12/01,"Traffic problems as a result of the President's visit to Philadelphia makes it difficult for The Gang to see the summer's biggest film - ""Thunder Gun Express""."
7,12,"""The High School Reunion""",Matt Shakman,Glenn Howerton & Rob McElhenney,2011/12/08,The Gang attends their high school reunion with a lot to prove. Old friends are met and new foes are made as the gang trips down memory lane.
7,13,"""The High School Reunion Part 2: The Gang's Revenge""",Matt Shakman,Glenn Howerton & Rob McElhenney,2011/12/15,The Gang hatches a plan to repair their tarnished image in the eyes of their old high school classmates.
8,1,"""Pop-Pop: The Final Solution""",Matt Shakman,"Charlie Day, Glenn Howerton, & Rob McElhenney",2012/10/11,"Dennis and Dee's ailing grandfather Pop-Pop is wasting away in the hospital, and they have to decide whether or not to pull the plug."
8,2,"""The Gang Recycles Their Trash""",Matt Shakman,"Charlie Day, Glenn Howerton, & Rob McElhenney",2012/10/18,Frank concocts a plan to undercut the garbage men union and get the contract to collect the city's trash.
8,3,"""The Maureen Ponderosa Wedding Massacre""",Richie Keen,"Charlie Day, Glenn Howerton, & Rob McElhenney",2012/10/25,Dennis and the gang crash Maureen's wedding so he can sever all ties.
8,4,"""Charlie and Dee Find Love""",Richie Keen,"Charlie Day, Glenn Howerton, & Rob McElhenney",2012/11/01,"Charlie and Dee find a romantic connection with two members of one of Philly's wealthiest families; Mac, Dennis and Frank try to get a piece of the action."
8,5,"""The Gang Gets Analyzed""",Todd Biermann,Luvh Rakhe,2012/11/08,The Gang step into the therapist's office to work through their mountain of issues; Dennis' psychology is exposed as abnormal indeed.
8,6,"""Charlie's Mom Has Cancer""",Richie Keen,Scott Marder & Rob Rosell,2012/11/15,The Gang rallies around Charlie's mom as she battles cancer; Frank loses his memory and his mind in a quest for buried treasure.
8,7,"""Frank's Back in Business""",Richie Keen,Dave Chernin & John Chernin,2012/11/29,"With Charlie under his wing, Frank cleans up so he can get his hands dirty and help out his old company with one last big merger."
8,8,"""Charlie Rules the World""",Matt Shakman,David Hornsby,2012/12/06,"After slipping into an unhealthy obsession with computer games, The Gang wrestles to define the difference between the real and the virtual worlds."
8,9,"""The Gang Dines Out""",Matt Shakman,Mehar Sethi,2012/12/13,"Every member of The Gang has something to celebrate at Guigino's, Philly's finest eatery."
8,10,"""Reynolds vs. Reynolds: The Cereal Defense""",Richie Keen,"Charlie Day, Glenn Howerton, & Rob McElhenney",2012/12/20,"Frank accidentally hits Dennis' car, and The Gang decides to hold a trial at Paddy's to resolve this legal issue."
9,1,"""The Gang Broke Dee""",Richie Keen,"Charlie Day, Glenn Howerton, & Rob McElhenney",2013/09/04,"Dee starts to embrace the desperate, self-loathing qualities the guys have beaten into her over the years, sending her stand-up comedy career to unexpected places."
9,2,"""Gun Fever Too: Still Hot""",Todd Biermann,"Charlie Day, Glenn Howerton, & Rob McElhenney",2013/09/11,"After Frank appears on Local Television advocating gun ownership, the rest of the gang takes a look at the ownership process and alternatives to find a common ground on this still heated issue."
9,3,"""The Gang Tries Desperately to Win an Award""",Richie Keen,David Hornsby,2013/09/18,"Tired of failing to be recognized for their years of service in the bar industry, the gang changes their ways to give the patrons what they think they want."
9,4,"""Mac and Dennis Buy a Timeshare""",Dan Attias,Dave Chernin & John Chernin,2013/09/25,The gang does their best to recoup their investments in questionable schemes by dumping their losses on Ben the soldier while trying to avoid being duped again by whatever mastermind is pulling their strings.
9,5,"""Mac Day""",Richie Keen,"Charlie Day, Glenn Howerton & Rob McElhenney",2013/10/02,"Everyone in the gang gets a day to do what they want while everyone else in the gang must participate willingly. This is Mac's Day... and it's got twice the ""Mac""."
9,6,"""The Gang Saves the Day""",Dan Attias,Dave Chernin & John Chernin,2013/10/09,"When a routine trip to a convenience store places the gang in the middle of an armed robbery, each of them is forced to explore how they react in extreme situations."
9,7,"""The Gang Gets Quarantined""",Heath Cullens,David Hornsby,2013/10/16,"When a severe flu outbreak sweeps Philadelphia the gang voluntarily quarantine themselves inside of Paddy's in an attempt to keep their singing voices pristine for an upcoming competition, although they have trouble adhering to the strict rules they've set for themselves."
9,8,"""Flowers for Charlie""",Dan Attias,David Benioff & D.B. Weiss,2013/10/23,"When an experiment successfully multiplies Charlie's intellect and takes him away from the bar, the rest of the gang find themselves struggling to complete the menial 'Charlie Work' that has kept the bar running for so long."
9,9,"""The Gang Makes Lethal Weapon 6""",Dan Attias,Scott Marder,2013/10/30,"After creative differences over what constitutes tasteful nudity cause Frank to pull his money out of Lethal Weapon 6 during filming, Mac, Dennis, and Charlie screen their rough footage for investors in hopes of raising enough capital to finish the production of their latest masterpiece."
9,10,"""The Gang Squashes Their Beefs""",Todd Biermann,Rob Rosell,2013/11/06,"When some bad blood with old foes compromises their ideal Thanksgiving, the gang decides to make amends by breaking bread with those they've hurt."
10,1,"""The Gang Beats Boggs""",Todd Bierman,Dave Chernin & John Chernin,2015/01/14,The Gang attempts to beat one of the most storied achievements in sports history: they are trying to beat Wade Boggs' record of drinking more than 70 beers in a single cross-country flight.
10,2,"""The Gang Group Dates""",Richie Keen,Rob Rosell,2015/01/21,"The gang turns Paddy's into an internet dating hub where people group date and rate each other. Dennis becomes obsessed with his ever decreasing ratings, while Dee hands out zero star ratings after being ""dumped"" early."
10,3,"""Psycho Pete Returns""",Todd Biermann,"Charlie Day, Glenn Howerton & Rob McElhenney",2015/01/28,"Mac and Charlie's high school ""gang leader"" (leader of ""the Freight Train"") Psycho Pete stops in at Paddy's. Charlie and Mac are quickly disappointed by Pete's docile nature, and look for ways to get Pete back to his old 'Psycho' self. Frank, Dee, and Dennis set out to find help for Pete because they're afraid he's dangerous to them."
10,4,"""Charlie Work""",Matt Shakman,"Rob McElhenney, Charlie Day & Glenn Howerton",2015/02/04,"Charlie gets tipped off that the health inspector is coming to inspect Paddy's. Dennis, Dee, Frank, and Mac are involved in a scheme involving steaks, airline miles, and chickens, which has the bar in disarray, including live chickens everywhere. Charlie tries to get the bar in shape for inspection with little help from the rest of the gang."
10,5,"""The Gang Spies Like U.S.""",Matt Shakman,David Hornsby,2015/02/11,"After Dennis and Mac enlist Dee to spy on the fish factory across the street, Charlie and Frank grow suspicious and decide to do some spying of their own."
10,6,"""The Gang Misses the Boat""",Richie Keen,"Charlie Day, Glenn Howerton and Rob McElhenney",2015/02/18,"After another failed venture, the Gang wonders if their group dynamic is bringing them down as individuals, causing them to separate from one another, and find out who they really are."
10,7,"""Mac Kills His Dad""",Heath Cullens,"Dave Chernin, John Chernin and David Hornsby",2015/02/25,"News surfaces about Mac's Dad, Luther, being a murder suspect. Mac goes into full ""P.I."" mode to clear his father of any wrong doing."
10,8,"""The Gang Goes on Family Fight""",Matt Shakman,Charlie Day & Glenn Howerton & Rob McElhenney,2015/03/04,"When the gang appears on a nationally broadcasted game show, Dennis does his best to keep the gang's weirdness under wraps."
10,9,"""Frank Retires""",Richie Keen,"Charlie Day, Glenn Howerton and Rob McElhenney",2015/03/11,"When Frank decides to leave up the financial decisions of the bar to the gang, the decline of the bar's wellbeing as well as Frank's health begins and the toll is too much for any of them to take."
10,10,"""Ass Kickers United: Mac and Charlie Join a Cult""",Heath Cullens,Scott Marder,2015/03/18,"""Asskickers"" isn't just a hot new way to work out; it's a way of life...and maybe a cult."
11,1,"""Chardee MacDennis 2: Electric Boogaloo""",Heath Cullens,Rob McElhenney and Charlie Day,2016/01/06,"The gang agree to a truce and demonstrate Chardee MacDennis for an interested board game executive, but things quickly go off the rails."
11,2,"""Frank Falls Out the Window""",Heath Cullens,David Hornsby,2016/01/13,"Frank falls out of a window and his injury makes him think it's 2006, so the gang use it as a chance to correct past mistakes."
11,3,"""The Gang Hits the Slopes""",Heath Cullens,Dave Chernin & John Chernin,2016/01/20,Dennis and Frank battle Dee and Mac for control of the mountain and Charlie learns the rules of the slopes.
11,4,"""Dee Made a Smut Film""",Todd Biermann,Eric Ledgin,2016/01/27,Dennis and Dee film an adaptation of Dennis' erotic memoirs while Frank and Mac try to pass off Charlie as a gifted artist for financial gain.
11,5,"""Mac & Dennis Move to the Suburbs""",Todd Biermann,Hunter Covington,2016/02/03,Mac and Dennis move to the suburbs for the cheap rent and open spaces but learn they may be meant for city life.
11,6,"""Being Frank""",Heath Cullens,Scott Marder,2016/02/10,A day in the life of Frank Reynolds as he tries to keep up with the gang's newest scheme.
11,7,"""McPoyle vs. Ponderosa: The Trial of the Century""",Todd Biermann,Conor Galvin,2016/02/17,Old grievances bubble to the surface when The Lawyer agrees to sue Bill Ponderosa on behalf of the Liam McPoyle and his lost eye.
11,8,"""Charlie Catches a Leprechaun""",Heath Cullens,Jon Silberman & Josh Silberman,2016/02/24,"Dennis tries to create an innovative mobile Paddy's pub experience but runs into trouble when customers refuse to cooperate, while Charlie and Mac attempt to catch a thieving leprechaun."
11,9,"""The Gang Goes to Hell""",Todd Biermann,David Hornsby & Scott Marder,2016/03/02,"The gang tries to take a vacation from their usual dynamic by going on a cruise, but old habits die hard."
11,10,"""The Gang Goes to Hell: Part Two""",Todd Biermann,David Hornsby & Scott Marder,2016/03/09,"With disaster looming, the gang tries unsuccessfully to make amends with one another."
12,1,"""The Gang Turns Black""",Matt Shakman,"Rob McElhenney, Charlie Day & Glenn Howerton",2017/01/04,"After an electric heating blanket shorts out while the gang watches ""The Wiz,"" they look in the mirror and realize they've turned black; to get back to being themselves they go through all manner of classic body-switch movie shenanigans."
12,2,"""The Gang Goes to a Water Park""",Matt Shakman,Eric Ledgin,2017/01/11,"The group heads to the water park, each with an ulterior motive; Dennis takes on a protege; Frank and Charlie are determined to ride every ride; Mac and Dee get stuck in a tube slide."
12,3,"""Old Lady House: A Situation Comedy""",Maurice Marable,Dannah Phirman & Danielle Schneider,2017/01/18,Charlie thinks Mac's mom is holding his mom hostage so the gang installs spy cameras in their house to monitor what's going on. What they end up discovering is the moms are quite entertaining once Dennis makes some quick edits and adds a laugh track to the surveillance footage. Dee wants in on the new hit show and Frank becomes obsessed with banging Charlie's mom now that he's seen her on TV.
12,4,"""Wolf Cola: A Public Relations Nightmare""",Matt Shakman,David Hornsby & Scott Marder,2017/01/25,Franks Fluids LLC is in big trouble after a news segment shows Wolf Cola has become the official drink of Boko Haram. Dee and Dennis help with the PR nightmare while Charlie and Mac work on a scheme to make Fight Milk the official drink of the UFC.
12,5,"""Making Dennis Reynolds a Murderer""",Maurice Marable,Conor Galvin,2017/02/01,An episode filmed in the true crime style of Making a Murderer and The Jinx which begins with a 911 call: A cat-woman formerly known as Maureen Ponderosa has been found dead in an alley and Dennis is the prime suspect.
12,6,"""Hero or Hate Crime?""",Jamie Babbit,"Rob McElhenney, Charlie Day & Glenn Howerton",2017/02/08,The gang goes to a professional arbitrator to decide who's the rightful owner of a scratch off lottery ticket. While they're there they also try to clear up whether or not the events surrounding the scratcher prove that Frank is a hero or hate monger.
12,7,"""PTSDee""",Jamie Babbit,"Rob McElhenney, Charlie Day & Glenn Howerton",2017/02/15,"After finding out that she is a male stripper's ""rock bottom,"" Dee sets out to prove that she is the best thing that ever happened to him; Dennis takes over for a stripper; Mac and Frank play a war game."
12,8,"""The Gang Tends Bar""",Matt Shakman,Megan Ganz,2017/02/22,"Paddy's is packed with customers on Valentine's Day; Dennis implores the gang to do one day of actual work, but everyone is distracted by a mystery crate Cricket spotted in the alley."
12,9,"""A Cricket's Tale""",Jamie Babbit,David Hornsby & Scott Marder,2017/03/01,"We get to see a typical day in Cricket's world and then a possible redemption when his family intervenes. Will Cricket finally move on from the gang, finding love in the process? Will Cricket go from filthy beast to his former self, Matthew Mara?"
12,10,"""Dennis' Double Life""",Matt Shakman,"Rob McElhenney, Charlie Day & Glenn Howerton",2017/03/08,"Dennis reveals he has a baby from his Wade Boggs layover in North Dakota. Everyone offers a solution for how to get him out of this jam. Mac suggests they pretend to be a couple and Frank wants to make the broad a ""decent"" proposal b/c $1 million for sex is indecent. In the end, Dennis has to decide which life he wants to continue to lead."
13,1,"""The Gang Makes Paddy's Great Again""",Todd Biermann,David Hornsby,2018/09/05,"Cindy, the new female member of the gang, successfully pulls off scams; everything works until Mac introduces a lifelike sex doll that looks exactly like Dennis."
13,2,"""The Gang Escapes""",Lauren Palmigiano,Megan Ganz,2018/09/12,"To boost productivity, Dee hires an at-home ""Escape Room Experience"" service to come to Dennis and Mac's apartment. Will they escape? Who will get the credit? What could go wrong?"
13,3,"""The Gang Beats Boggs: Ladies Reboot""",Kat Coiro,Dannah Phirman & Danielle Schneider,2018/09/19,"To one-up the guys, Dee has organized an ""all-female reboot"" of the Wade Boggs challenge on a first-of-it's-kind, all-female flight headed to L.A. for the women's march."
13,4,"""Time's Up for the Gang""",Kat Coiro,Megan Ganz,2018/09/26,"Paddy's has been put on a list of bars that are sexually hostile to women, and the gang must attend a sexual harassment seminar to get off the list."
13,5,"""The Gang Gets New Wheels""",Todd Biermann,Conor Galvin,2018/10/03,"Dee gets in with a group of cool, rich housewives. Dennis hits it off with some everyday blue-collar bros. Frank struggles to renew his license, and Charlie and Mac deal with a new generation of bicycle bullies."
13,6,"""The Gang Solves the Bathroom Problem""",Josh Drisko,Erin Ryan,2018/10/10,"Jimmy Buffett is in town and the positive vibes are alive at the bar. But when Mac comes out of the women's bathroom, no one can leave until the bathroom situation is solved."
13,7,"""The Gang Does a Clip Show""",Todd Biermann,Dannah Phirman & Danielle Schneider,2018/10/17,"With nothing to do while their phones update to the latest software, the gang decides to reminisce on old times. As everyone misremembers events from their past, the gang's current reality becomes altered."
13,8,"""Charlie's Home Alone""",Kat Coiro,Adam Weinstock & Andy Jones,2018/10/24,"It's the weekend of Super Bowl LII, this time from Charlie's perspective. While Charlie searches the back office, Cricket steals the suit leaving Charlie home alone to defend himself."
13,9,"""The Gang Wins the Big Game""",Kat Coiro,Conor Galvin,2018/10/31,It's the most important weekend of their lives and Frank has treated the gang and a crew of their ragtag hangers-on with tickets to see the Eagles in the Super Bowl!
13,10,"""Mac Finds His Pride""",Todd Biermann,Rob McElhenney & Charlie Day,2018/11/07,Frank tries to recruit Mac for the gang's float for the Gay Pride Parade; Frank comes to the realization that Mac will never be secure with his sexual identity unless he comes out to his father.
14,1,"""The Gang Gets Romantic""",Glenn Howerton,Rob McElhenney & Charlie Day,2019/09/25,"Mac concocts a scheme to attract single women to Airbnb Dennis' bedroom, while Frank and Charlie concoct similar plans to attract young, European coeds. But neither ad attracts their intended target."
14,2,"""Thunder Gun 4: Maximum Cool""",Heath Cullens,Conor Galvin,2019/10/02,"The Gang finds themselves in the middle of a focus group after a screening of Thunder Gun 4: Maximum Cool. They are determined to restore glory and traditional American values back into the franchise, even if it involves sabotage."
14,3,"""Dee Day""",Pete Chatmon,Megan Ganz,2019/10/09,"The Guys are in the final preparation stage for an unknown scheme when Dee excitedly enters to inform them that today is ""Dee Day."" The guys have to do everything she wants without complaint."
14,4,"""The Gang Chokes""",Glenn Howerton,John Howell Harris,2019/10/16,"Annoyed that the Gang failed to react as he nearly choked to death on an appetizer, Frank decides the Waiter, his savior, is the only person who has his back."
14,5,"""The Gang Texts""",Tim Roche,Rob McElhenney & Charlie Day,2019/10/23,"During their trip to the Philadelphia Zoo, Mac sets up a text group chain for The Gang, but confusion sets in and The Gang must learn from the meerkats on how to communicate properly in a group."
14,6,"""The Janitor Always Mops Twice""",Heath Cullens,Megan Ganz,2019/10/30,"In the black-and-white noir world of his memory, Charlie navigates the seedy underbelly of Philadelphia as Frank has been ""diarrhea poisoned,"" and it's up to Charlie to clean up the mess."
14,7,"""The Gang Solves Global Warming""",Pete Chatmon,Rob McElhenney & Charlie Day,2019/11/06,"As a record-breaking heat wave overtakes Philly, the Gang plans to profit from global warming by pumping up the A/C so people will congregate at Paddy's and save energy at home."
14,8,"""Paddy's Has a Jumper""",Kimberly McCullough,Dannah Phirman & Danielle Schneider,2019/11/13,"Trapped inside Paddy's with a suicide jumper on the roof, the Gang wonders if they should bother intervening with an algorithm of their own - Could he, would he, should we?"
14,9,"""A Woman's Right to Chop""",Pete Chatmon,Dannah Phirman & Danielle Schneider,2019/11/20,"When a trendy new hair salon opens up right next door to Paddy's, Dennis and Frank go on the offensive to stop women from cutting off their hair. Meanwhile, Mac is reunited with his childhood dog Poppins."
14,10,"""Waiting for Big Mo""",Pete Chatmon,David Hornsby,2019/11/20,"Dennis and Charlie stand guard at the entrance to their laser tag base waiting to ambush the legendary ""Big Mo,"" but Dennis begins to ponder the reasons they play laser tag and if their pursuit of a victory is worth their effort."
15,1,"""2020: A Year In Review""",Todd Biermann,"Rob McElhenney, Charlie Day & Glenn Howerton",2021/12/01,"The Gang looks back on 2020 to justify their numerous PPE loans. In doing so, it is revealed that they contributed to the chaos of the past political year way more than anyone could have imagined."
15,2,"""The Gang Makes Lethal Weapon 7""",Pete Chatmon,Keyonna Taylor & Katie McElhenney,2021/12/01,"Upon discovering that their self-made Lethal Weapon sequels have been pulled from the local library, the Gang decides to address their political incorrectness by making another film -- Lethal Weapon 7."
15,3,"""The Gang Buys a Roller Rink""",Richie Keen,Rob Rosell & David Hornsby,2021/12/08,"It's the 90s, and the Gang hangs out one last time at the local roller rink before going their separate ways. An innocent young Dennis learns the horrifying details of Frank's business, a truly sweet Dee is excited to head off for Hollywood, while Charlie and Mac's jobs at the roller rink are in jeopardy, leaving them to figure out their next move."
15,4,"""The Gang Replaces Dee With a Monkey""",Todd Biermann,Glenn Howerton & Nina Pedrad,2021/12/08,"When the Gang suspects Dee is menopausal, they scramble to find a new employee for Paddy's Pub. Meanwhile, Dee decides to put her acting career on hold in order to mentor young actors."
15,5,"""The Gang Goes to Ireland""",Megan Ganz,"Rob McElhenney, Charlie Day & Glenn Howerton",2021/12/15,"The Gang's in Dublin! Dennis longs for a charming, authentic European experience, but ends up helping Frank with some of his business's ""dirty work."" Mac and Charlie learn about their Irish heritage. Dee rushes to the set of an Irish soap opera, where she will play the role of ""Obnoxious American MILF."""
15,6,"""The Gang's Still in Ireland""",Megan Ganz,"Rob McElhenney, Charlie Day & Glenn Howerton",2021/12/15,Dennis and Dee explore their new accommodations in the countryside; Frank accompanies Charlie to find the truth about Charlie's Irish childhood pen pal; Mac has an identity crisis and decides to join the seminary.
15,7,"""Dee Sinks in a Bog""",Pete Chatmon,David Hornsby & Rob Rosell,2021/12/22,"Guided by a young priest, Mac spends a day at the seminary to truly understand what it takes to become a priest. Dennis and Frank plan an elaborate trap at the castle to humiliate Charlie's pen pal. Dee prepares for a date with an Irish doctor, only to find herself sinking in a bog. Having learned of his pen pal's true identity, Charlie bonds with him and makes a choice that will forever change the Gang."
15,8,"""The Gang Carries a Corpse Up a Mountain""",Richie Keen,Megan Ganz,2021/12/22,"The Gang attempts to ascend a mountain in order for Charlie to fulfill an old and mysterious Irish burial tradition. But one by one, the Gang backs out until Charlie is left to honor the dead body alone."
16,1,"""The Gang Inflates""",Heath Cullens,Nina Pedrad,2023/06/07,"Dennis and Mac get into inflatable furniture to deal with the economy's inflation, while Dee tries to find a place to crash after being evicted by her greedy landlord and Charlie wants to pitch Frank his crypto/online investment idea. And in this inflation episode everything gets bigger - Dee's desperation, Mac's lips, and even Charlie's apartment![8]"
16,2,"""Frank Shoots Every Member of the Gang""",Richie Keen,Davis Kop,2023/06/07,"After Frank shoots Dennis and Dee, they resolve to take Frank's gun away. Mac and Charlie go on a road trip with their moms to get their inheritances -- for Mac, it's letters written by his grandfather which have fallen into his Uncle Donald's hands, while for Charlie, it's a jar of teeth that is now in the hands of his sisters, Bunny and Candy.[8]"
16,3,"""The Gang Gets Cursed""",Richie Keen,David Hornsby,2023/06/14,"The Gang's going to be on Bar Rescue but a series of bad omens leads them to believe they are all cursed. They set off to undo the curses and make amends to the people/things they've wronged. While Mac, who's on a run of good luck, meets Chase Utley and invites him for a catch.[9]"
16,4,"""Frank vs. Russia""",Heath Cullens,Megan Ganz,2023/06/21,"Charlie cheers on Frank at a local chess tournament against a Russian grandmaster. Dennis helps Mac and Dee find boyfriends after getting irritated by Mac's current boyfriend, Johnny.[10]"
16,5,"""Celebrity Booze: The Ultimate Cash Grab""",Megan Ganz,"Rob McElhenney, Charlie Day & Glenn Howerton",2023/06/28,"When news spreads of Bryan Cranston and Aaron Paul's visit to Philadelphia to promote their Dos Hombres mezcal brand, the Guys decide to pitch them their own liquor. And the Gang takes to the skies to get a taste of the glamorous high life.[11]"
16,6,"""Risk E. Rat's Pizza & Amusement Center""",Nina Pedrad,Rob Rosell,2023/07/05,"The Gang goes to ""Risk E. Rat's"", their childhood version of Chuck E. Cheese, only to find all the riskiness that made it exciting has been systematically replaced with safety and overcautiousness. Dennis and Charlie try to find the old ride with the animatronic boobs. Dee takes Frank on a scavenger to find risqué jokes hidden throughout the establishment. Mac plays Skee-Ball to win tickets for a prize.[12]"
16,7,"""The Gang Goes Bowling""",Megan Ganz,"Rob McElhenney, Charlie Day & Glenn Howerton",2023/07/12,"The guys crash Dee's bowling league night and compete in a Battle of the Sexes at a bowling alley owned by the McPoyles. Dee, The Waitress, Artemis, and Gail the Snail versus Dennis, Mac, Charlie, and Frank in a classic match to prove once and for all who has the upper hand in sports.[13]"
16,8,"""Dennis Takes a Mental Health Day""",Heath Cullens,Ross Maloney,2023/07/19,"After a physical reveals that Dennis has elevated blood pressure, he decides to take a day away from The Gang to de-stress at the beach. But life has other plans, and his day spirals into a domino-chain of tech and customer service challenges until he can no longer contain his rage.[14]"